{
    "balance": 7685,
    "inventory": [
        "coffee"
    ],
    "bank": 0,
    "net_worth": 7621,
    "daily_streak": 0,
    "last_daily": 1776535112,
    "last_work": 1776562094,
    "last_crime": 0,
    "last_rob": 1775106550,
    "last_heist": 0,
    "last_slots": 1775909951.2907023,
    "last_blackjack": 1775875628.469215,
    "last_roulette": 1775875039.178225,
    "last_casino": 0,
    "last_gamble": 0,
    "last_bet": 0,
    "last_race": 0,
    "last_fight": 0,
    "last_duel": 0
}