{
    "balance": 397,
    "inventory": [],
    "bank": 5000,
    "net_worth": 0,
    "daily_streak": 0,
    "last_daily": 1771868481,
    "last_work": 1771868484,
    "last_crime": 1770082535,
    "last_rob": 0,
    "last_heist": 0,
    "last_slots": 1770217140.0426548,
    "last_blackjack": 1770295315.9236352,
    "last_roulette": 1770294808.2889516,
    "last_casino": 0,
    "last_gamble": 0,
    "last_bet": 0,
    "last_race": 0,
    "last_fight": 0,
    "last_duel": 0
}